id_cliente,limite_adicional
2,Conceder
5,Conceder
6,Conceder
8,Negar
10,Conceder
12,Conceder
14,Negar
17,Negar
22,Negar
23,Conceder
39,Negar
41,Negar
55,Negar
56,Conceder
61,Negar
65,Negar
73,Conceder
75,Conceder
78,Conceder
79,Conceder
90,Conceder
95,Negar
98,Negar
99,Conceder
106,Negar
117,Negar
118,Negar
126,Negar
127,Negar
131,Conceder
134,Negar
138,Negar
141,Negar
142,Conceder
146,Conceder
148,Negar
149,Conceder
154,Conceder
155,Conceder
156,Negar
159,Conceder
162,Negar
163,Negar
164,Conceder
190,Negar
191,Negar
198,Conceder
203,Negar
205,Negar
207,Conceder
208,Conceder
214,Negar
225,Negar
226,Negar
227,Conceder
233,Conceder
236,Negar
237,Conceder
250,Negar
256,Conceder
259,Negar
261,Conceder
263,Negar
265,Negar
270,Negar
272,Negar
278,Conceder
282,Negar
283,Negar
286,Conceder
295,Conceder
302,Negar
303,Negar
307,Negar
318,Conceder
330,Conceder
339,Negar
341,Conceder
342,Negar
346,Negar
353,Conceder
363,Negar
365,Conceder
366,Negar
375,Negar
385,Negar
391,Conceder
392,Negar
393,Negar
396,Negar
405,Negar
407,Negar
413,Negar
418,Conceder
420,Negar
424,Conceder
442,Negar
449,Negar
455,Negar
459,Negar
460,Conceder
467,Negar
476,Negar
482,Conceder
483,Negar
489,Negar
503,Conceder
505,Negar
513,Conceder
515,Negar
522,Conceder
524,Conceder
526,Conceder
527,Conceder
530,Negar
537,Negar
538,Conceder
540,Conceder
542,Negar
546,Negar
553,Negar
557,Conceder
560,Negar
561,Negar
570,Negar
572,Negar
573,Conceder
575,Conceder
576,Conceder
581,Conceder
582,Negar
584,Negar
588,Conceder
594,Conceder
598,Conceder
601,Negar
607,Conceder
611,Conceder
613,Negar
615,Conceder
620,Conceder
630,Conceder
631,Negar
632,Negar
633,Conceder
635,Conceder
636,Conceder
639,Negar
646,Negar
647,Conceder
660,Negar
662,Conceder
664,Conceder
667,Negar
668,Conceder
670,Negar
672,Conceder
686,Conceder
687,Conceder
688,Negar
689,Negar
690,Conceder
698,Conceder
699,Negar
700,Negar
704,Negar
708,Negar
717,Conceder
718,Negar
727,Negar
729,Negar
761,Conceder
768,Conceder
769,Negar
770,Negar
771,Negar
776,Conceder
779,Negar
781,Negar
782,Conceder
785,Conceder
792,Negar
794,Negar
805,Conceder
807,Conceder
815,Negar
823,Conceder
824,Negar
825,Negar
826,Negar
828,Negar
831,Negar
833,Conceder
846,Conceder
847,Negar
852,Negar
854,Negar
855,Conceder
861,Conceder
864,Negar
868,Negar
875,Negar
877,Conceder
879,Conceder
892,Negar
893,Negar
895,Negar
900,Negar
906,Negar
918,Negar
919,Negar
921,Conceder
923,Negar
924,Negar
925,Negar
929,Conceder
934,Negar
937,Negar
944,Negar
949,Negar
951,Conceder
952,Conceder
954,Negar
955,Negar
956,Conceder
957,Negar
960,Conceder
964,Conceder
967,Negar
969,Negar
975,Negar
981,Negar
985,Negar
987,Conceder
988,Conceder
989,Negar
996,Conceder
1001,Conceder
1008,Negar
1013,Negar
1014,Conceder
1016,Negar
1017,Negar
1020,Negar
1022,Conceder
1029,Negar
1038,Conceder
1041,Conceder
1046,Negar
1049,Conceder
1051,Conceder
1059,Negar
1060,Negar
1061,Negar
1063,Negar
1064,Conceder
1066,Negar
1067,Conceder
1070,Negar
1073,Negar
1078,Conceder
1081,Negar
1082,Negar
1090,Conceder
1099,Negar
1101,Conceder
1121,Negar
1123,Negar
1125,Negar
1126,Conceder
1137,Conceder
1139,Negar
1149,Negar
1151,Negar
1155,Negar
1166,Negar
1168,Conceder
1170,Negar
1172,Conceder
1178,Negar
1180,Negar
1185,Conceder
1192,Negar
1199,Negar
1203,Negar
1206,Conceder
1215,Conceder
1219,Negar
1230,Negar
1240,Negar
1241,Negar
1242,Negar
1247,Negar
1249,Negar
1250,Negar
1253,Negar
1257,Conceder
1266,Conceder
1267,Conceder
1268,Conceder
1275,Conceder
1277,Conceder
1280,Negar
1284,Conceder
1287,Negar
1291,Conceder
1292,Negar
1297,Conceder
1301,Negar
1302,Negar
1305,Conceder
1307,Negar
1309,Negar
1313,Negar
1317,Negar
1325,Negar
1332,Negar
1334,Conceder
1342,Negar
1343,Conceder
1344,Negar
1354,Negar
1366,Negar
1368,Conceder
1377,Negar
1378,Negar
1381,Negar
1383,Negar
1387,Negar
1388,Negar
1389,Conceder
1390,Negar
1391,Negar
1395,Negar
1404,Negar
1410,Negar
1429,Conceder
1432,Negar
1436,Negar
1441,Negar
1443,Negar
1450,Negar
1461,Conceder
1467,Conceder
1482,Negar
1485,Negar
1496,Negar
1501,Negar
1518,Negar
1522,Negar
1525,Negar
1526,Negar
1529,Negar
1530,Conceder
1532,Conceder
1538,Conceder
1541,Negar
1543,Conceder
1550,Conceder
1556,Negar
1561,Conceder
1572,Negar
1578,Negar
1582,Negar
1586,Negar
1592,Conceder
1605,Negar
1606,Conceder
1608,Conceder
1620,Negar
1623,Negar
1626,Negar
1634,Conceder
1637,Conceder
1639,Conceder
1640,Conceder
1641,Negar
1646,Negar
1647,Negar
1649,Conceder
1652,Negar
1654,Negar
1664,Conceder
1665,Negar
1668,Negar
1669,Negar
1675,Negar
1679,Conceder
1680,Conceder
1683,Negar
1686,Negar
1687,Negar
1688,Conceder
1690,Negar
1694,Conceder
1705,Negar
1708,Negar
1710,Conceder
1713,Conceder
1716,Conceder
1725,Negar
1728,Conceder
1734,Negar
1735,Conceder
1736,Negar
1743,Negar
1750,Negar
1751,Negar
1754,Negar
1758,Negar
1760,Negar
1762,Conceder
1763,Negar
1764,Negar
1772,Negar
1779,Negar
1788,Conceder
1793,Conceder
1797,Negar
1799,Negar
1803,Conceder
1805,Negar
1811,Negar
1817,Conceder
1824,Negar
1827,Negar
1828,Conceder
1829,Conceder
1839,Conceder
1842,Conceder
1844,Negar
1853,Negar
1854,Negar
1855,Negar
1866,Negar
1869,Conceder
1876,Negar
1885,Negar
1888,Conceder
1896,Conceder
1899,Conceder
1900,Conceder
1901,Negar
1907,Conceder
1909,Conceder
1914,Conceder
1918,Negar
1926,Conceder
1928,Negar
1930,Negar
1931,Conceder
1932,Negar
1934,Conceder
1939,Conceder
1940,Conceder
1950,Negar
1959,Conceder
1960,Conceder
1961,Negar
1968,Negar
1970,Negar
1971,Negar
1975,Negar
1977,Negar
1981,Negar
1987,Negar
1991,Negar
1995,Negar
1998,Conceder
1999,Negar
2001,Conceder
2011,Conceder
2015,Conceder
2024,Conceder
2027,Conceder
2028,Negar
2033,Negar
2034,Negar
2044,Negar
2045,Negar
2048,Negar
2049,Conceder
2050,Conceder
2051,Conceder
2052,Negar
2057,Conceder
2061,Conceder
2063,Conceder
2065,Conceder
2066,Negar
2067,Negar
2072,Negar
2075,Negar
2080,Conceder
2083,Negar
2091,Conceder
2097,Conceder
2098,Negar
2106,Negar
2107,Conceder
2114,Conceder
2117,Conceder
2121,Negar
2126,Conceder
2137,Conceder
2138,Negar
2140,Negar
2142,Conceder
2144,Negar
2157,Negar
2160,Conceder
2161,Negar
2163,Negar
2172,Negar
2180,Negar
2181,Negar
2191,Negar
2193,Negar
2194,Negar
2197,Negar
2199,Conceder
2201,Negar
2204,Negar
2205,Negar
2206,Negar
2220,Negar
2244,Negar
2248,Negar
2256,Negar
2266,Negar
2275,Negar
2279,Conceder
2280,Conceder
2286,Negar
2290,Conceder
2294,Negar
2298,Conceder
2308,Negar
2323,Negar
2325,Negar
2327,Conceder
2328,Negar
2337,Negar
2344,Negar
2350,Negar
2354,Negar
2356,Negar
2357,Negar
2360,Conceder
2362,Conceder
2366,Negar
2369,Negar
2372,Negar
2377,Conceder
2383,Conceder
2384,Negar
2386,Negar
2394,Conceder
2397,Conceder
2404,Negar
2409,Negar
2420,Conceder
2422,Negar
2427,Conceder
2428,Negar
2429,Negar
2431,Conceder
2434,Negar
2444,Conceder
2455,Negar
2461,Conceder
2462,Conceder
2467,Negar
2470,Conceder
2473,Conceder
2476,Negar
2480,Negar
2483,Conceder
2490,Conceder
2492,Conceder
2494,Negar
2495,Conceder
2497,Negar
2503,Negar
2505,Conceder
2512,Negar
2521,Negar
2530,Negar
2531,Conceder
2539,Negar
2540,Negar
2542,Conceder
2548,Negar
2552,Conceder
2556,Negar
2558,Negar
2559,Conceder
2561,Negar
2564,Conceder
2569,Negar
2574,Negar
2591,Negar
2592,Negar
2594,Negar
2598,Negar
2600,Conceder
2605,Negar
2611,Conceder
2613,Negar
2633,Conceder
2635,Negar
2636,Conceder
2644,Negar
2646,Negar
2650,Conceder
2660,Negar
2666,Negar
2668,Negar
2673,Negar
2675,Conceder
2680,Negar
2682,Negar
2694,Conceder
2696,Negar
2704,Negar
2709,Negar
2712,Negar
2713,Conceder
2714,Negar
2718,Negar
2720,Negar
2721,Negar
2724,Conceder
2732,Conceder
2734,Negar
2735,Conceder
2737,Conceder
2739,Conceder
2740,Conceder
2741,Negar
2745,Negar
2746,Negar
2748,Negar
2753,Conceder
2758,Negar
2769,Conceder
2773,Negar
2780,Conceder
2783,Conceder
2786,Conceder
2787,Negar
2791,Conceder
2798,Negar
2807,Conceder
2809,Negar
2811,Conceder
2812,Conceder
2815,Negar
2818,Negar
2823,Negar
2825,Negar
2833,Negar
2839,Conceder
2840,Negar
2845,Negar
2850,Conceder
2853,Negar
2864,Conceder
2867,Negar
2870,Conceder
2872,Conceder
2873,Conceder
2876,Negar
2879,Negar
2892,Conceder
2897,Negar
2899,Conceder
2912,Negar
2915,Conceder
2921,Negar
2924,Conceder
2932,Negar
2947,Conceder
2951,Negar
2959,Conceder
2962,Negar
2965,Negar
2968,Negar
2970,Conceder
2976,Conceder
2977,Conceder
2979,Negar
2980,Negar
2984,Conceder
2990,Negar
2991,Conceder
3005,Conceder
3006,Conceder
3010,Conceder
3021,Conceder
3029,Negar
3031,Negar
3037,Negar
3041,Conceder
3042,Negar
3043,Negar
3052,Conceder
3055,Negar
3057,Negar
3063,Conceder
3068,Conceder
3073,Negar
3074,Conceder
3082,Negar
3084,Conceder
3087,Negar
3094,Conceder
3098,Conceder
3100,Conceder
3105,Negar
3109,Conceder
3118,Negar
3125,Conceder
3138,Conceder
3139,Conceder
3142,Conceder
3145,Negar
3148,Conceder
3153,Negar
3156,Conceder
3158,Negar
3171,Conceder
3174,Conceder
3175,Conceder
3178,Negar
3179,Negar
3180,Negar
3187,Conceder
3192,Conceder
3193,Conceder
3199,Negar
3201,Negar
3217,Negar
3224,Negar
3225,Conceder
3226,Conceder
3229,Conceder
3231,Conceder
3240,Negar
3242,Negar
3243,Negar
3250,Conceder
3267,Negar
3268,Conceder
3272,Negar
3274,Negar
3292,Conceder
3293,Negar
3295,Negar
3301,Conceder
3303,Negar
3305,Negar
3311,Negar
3325,Negar
3328,Conceder
3331,Negar
3332,Conceder
3336,Negar
3343,Negar
3344,Conceder
3346,Conceder
3349,Conceder
3355,Negar
3357,Conceder
3369,Conceder
3374,Conceder
3375,Conceder
3377,Conceder
3381,Negar
3385,Negar
3386,Conceder
3390,Conceder
3391,Conceder
3392,Negar
3395,Conceder
3418,Conceder
3420,Conceder
3421,Negar
3428,Negar
3431,Conceder
3433,Negar
3437,Conceder
3441,Negar
3445,Negar
3447,Conceder
3452,Negar
3453,Negar
3454,Negar
3457,Conceder
3463,Negar
3467,Negar
3472,Negar
3473,Conceder
3477,Conceder
3487,Negar
3490,Negar
3491,Conceder
3494,Negar
3497,Conceder
3507,Negar
3508,Conceder
3511,Negar
3512,Conceder
3518,Negar
3526,Negar
3531,Negar
3532,Negar
3538,Conceder
3550,Conceder
3554,Negar
3557,Negar
3562,Conceder
3565,Negar
3569,Negar
3573,Negar
3580,Conceder
3582,Negar
3585,Conceder
3587,Negar
3592,Conceder
3595,Conceder
3597,Negar
3599,Negar
3601,Negar
3605,Conceder
3611,Negar
3628,Negar
3630,Negar
3632,Conceder
3634,Negar
3637,Negar
3639,Negar
3641,Conceder
3645,Conceder
3649,Negar
3655,Conceder
3666,Negar
3671,Negar
3673,Conceder
3675,Negar
3676,Negar
3677,Negar
3684,Conceder
3688,Negar
3691,Negar
3696,Conceder
3697,Negar
3702,Conceder
3710,Negar
3712,Conceder
3713,Conceder
3714,Negar
3715,Negar
3717,Negar
3720,Negar
3726,Negar
3727,Negar
3728,Conceder
3736,Negar
3739,Negar
3742,Conceder
3745,Conceder
3748,Conceder
3749,Negar
3751,Negar
3755,Conceder
3757,Conceder
3761,Negar
3763,Negar
3764,Conceder
3767,Conceder
3770,Conceder
3776,Conceder
3779,Negar
3789,Negar
3798,Conceder
3811,Negar
3813,Negar
3815,Negar
3819,Conceder
3829,Conceder
3831,Negar
3832,Conceder
3840,Conceder
3841,Conceder
3844,Conceder
3846,Negar
3851,Conceder
3855,Conceder
3864,Negar
3865,Negar
3868,Negar
3875,Negar
3877,Conceder
3891,Negar
3898,Negar
3901,Conceder
3912,Negar
3914,Conceder
3921,Negar
3926,Negar
3927,Negar
3931,Conceder
3944,Conceder
3954,Negar
3960,Negar
3968,Negar
3971,Negar
3973,Negar
3975,Negar
3984,Negar
3988,Negar
3994,Conceder
3999,Negar
4001,Conceder
4015,Conceder
4019,Conceder
4022,Conceder
4034,Conceder
4037,Conceder
4038,Conceder
4062,Conceder
4071,Conceder
4080,Negar
4083,Conceder
4089,Negar
4091,Conceder
4108,Negar
4110,Negar
4115,Conceder
4117,Conceder
4125,Negar
4134,Conceder
4136,Negar
4143,Negar
4144,Negar
4147,Conceder
4151,Negar
4159,Negar
4165,Negar
4168,Negar
4172,Conceder
4176,Negar
4178,Conceder
4179,Conceder
4180,Conceder
4184,Conceder
4187,Negar
4189,Conceder
4198,Conceder
4200,Negar
4201,Negar
4204,Negar
4207,Conceder
4209,Negar
4212,Negar
4213,Negar
4219,Conceder
4224,Conceder
4226,Conceder
4228,Negar
4233,Negar
4235,Negar
4243,Negar
4244,Conceder
4250,Negar
4256,Conceder
4260,Conceder
4261,Negar
4262,Conceder
4264,Conceder
4269,Negar
4279,Negar
4283,Conceder
4284,Negar
4286,Negar
4287,Negar
4290,Negar
4294,Negar
4298,Conceder
4301,Negar
4312,Negar
4313,Negar
4325,Negar
4331,Conceder
4347,Conceder
4350,Negar
4357,Negar
4359,Negar
4361,Conceder
4362,Negar
4364,Conceder
4365,Conceder
4381,Negar
4389,Negar
4390,Negar
4400,Negar
4407,Negar
4414,Negar
4423,Negar
4426,Negar
4427,Conceder
4431,Negar
4432,Negar
4433,Conceder
4434,Conceder
4436,Conceder
4438,Negar
4441,Conceder
4444,Conceder
4446,Conceder
4452,Conceder
4453,Negar
4466,Negar
4469,Negar
4471,Conceder
4474,Conceder
4482,Negar
4489,Negar
4492,Negar
4493,Conceder
4494,Conceder
4495,Negar
4496,Conceder
4497,Negar
4498,Conceder
4500,Negar
4518,Conceder
4525,Conceder
4531,Negar
4532,Negar
4544,Conceder
4545,Conceder
4548,Negar
4549,Conceder
4556,Conceder
4559,Negar
4567,Negar
4570,Conceder
4577,Negar
4579,Negar
4584,Negar
4586,Negar
4593,Negar
4597,Conceder
4600,Negar
4612,Negar
4613,Conceder
4617,Negar
4622,Negar
4625,Negar
4629,Conceder
4633,Negar
4637,Conceder
4638,Negar
4643,Conceder
4645,Conceder
4647,Negar
4649,Conceder
4655,Conceder
4659,Negar
4663,Conceder
4667,Negar
4671,Negar
4674,Negar
4676,Negar
4704,Conceder
4714,Conceder
4720,Conceder
4730,Conceder
4733,Negar
4736,Conceder
4737,Conceder
4738,Negar
4742,Conceder
4749,Negar
4753,Negar
4758,Conceder
4761,Negar
4778,Negar
4781,Negar
4785,Negar
4789,Negar
4791,Negar
4796,Negar
4799,Negar
4800,Conceder
4805,Conceder
4806,Negar
4807,Conceder
4810,Negar
4812,Negar
4816,Negar
4821,Negar
4832,Negar
4836,Conceder
4838,Negar
4840,Conceder
4842,Conceder
4847,Negar
4850,Negar
4854,Negar
4855,Negar
4859,Negar
4860,Negar
4870,Conceder
4874,Negar
4876,Conceder
4877,Conceder
4883,Negar
4888,Conceder
4893,Negar
4894,Conceder
4896,Negar
4905,Conceder
4910,Negar
4911,Negar
4912,Negar
4918,Negar
4927,Negar
4932,Negar
4941,Negar
4942,Conceder
4944,Conceder
4945,Conceder
4947,Negar
4965,Negar
4967,Conceder
4969,Negar
4972,Negar
4974,Negar
4977,Negar
4981,Conceder
4999,Negar
5001,Conceder
5006,Negar
5011,Conceder
5017,Negar
5018,Conceder
5030,Conceder
5032,Negar
5037,Conceder
5044,Negar
5048,Negar
5052,Negar
5053,Conceder
5056,Conceder
5057,Negar
5064,Conceder
5069,Negar
5074,Conceder
5076,Conceder
5079,Conceder
5084,Conceder
5085,Conceder
5086,Negar
5089,Negar
5094,Negar
5102,Conceder
5105,Negar
5106,Negar
5109,Negar
5110,Negar
5111,Conceder
5116,Negar
5117,Negar
5123,Negar
5125,Negar
5127,Negar
5133,Negar
5135,Negar
5137,Conceder
5143,Negar
5151,Negar
5162,Conceder
5173,Negar
5176,Negar
5178,Negar
5179,Negar
5180,Negar
5183,Negar
5189,Negar
5190,Negar
5192,Conceder
5204,Negar
5208,Conceder
5209,Conceder
5223,Negar
5224,Conceder
5233,Conceder
5234,Negar
5238,Negar
5239,Conceder
5241,Negar
5244,Conceder
5249,Negar
5250,Conceder
5252,Negar
5253,Conceder
5257,Conceder
5259,Negar
5277,Conceder
5281,Negar
5288,Conceder
5292,Negar
5294,Conceder
5296,Conceder
5300,Conceder
5302,Negar
5306,Negar
5312,Conceder
5316,Negar
5320,Conceder
5321,Conceder
5331,Negar
5335,Negar
5342,Negar
5343,Negar
5344,Negar
5347,Negar
5348,Conceder
5349,Negar
5353,Negar
5371,Negar
5374,Negar
5375,Negar
5384,Negar
5388,Negar
5391,Conceder
5393,Negar
5394,Negar
5395,Conceder
5402,Negar
5409,Negar
5414,Negar
5416,Negar
5417,Negar
5421,Conceder
5424,Conceder
5430,Conceder
5433,Conceder
5434,Negar
5436,Conceder
5440,Negar
5443,Negar
5446,Conceder
5449,Negar
5450,Negar
5451,Negar
5464,Conceder
5469,Negar
5470,Negar
5473,Conceder
5476,Negar
5487,Conceder
5491,Negar
5496,Negar
5511,Conceder
5531,Negar
5535,Negar
5536,Conceder
5537,Negar
5540,Conceder
5542,Negar
5543,Negar
5544,Negar
5547,Conceder
5549,Negar
5561,Conceder
5566,Negar
5568,Negar
5570,Conceder
5576,Negar
5579,Negar
5586,Negar
5589,Negar
5592,Negar
5593,Negar
5597,Conceder
5601,Negar
5605,Negar
5608,Negar
5619,Negar
5620,Negar
5623,Negar
5625,Negar
5626,Conceder
5627,Negar
5632,Conceder
5645,Conceder
5646,Conceder
5656,Conceder
5657,Negar
5659,Negar
5662,Negar
5672,Negar
5676,Negar
5691,Negar
5692,Negar
5694,Conceder
5700,Conceder
5705,Conceder
5714,Conceder
5718,Negar
5725,Negar
5727,Negar
5733,Conceder
5735,Negar
5743,Negar
5746,Conceder
5751,Conceder
5753,Negar
5758,Negar
5760,Negar
5761,Negar
5766,Negar
5773,Conceder
5775,Conceder
5777,Negar
5778,Conceder
5780,Negar
5783,Conceder
5785,Negar
5789,Negar
5792,Negar
5797,Negar
5798,Conceder
5802,Conceder
5812,Negar
5828,Negar
5855,Negar
5856,Negar
5865,Negar
5871,Negar
5878,Conceder
5879,Conceder
5880,Conceder
5882,Negar
5888,Conceder
5892,Conceder
5893,Negar
5896,Conceder
5898,Negar
5902,Conceder
5907,Negar
5908,Conceder
5914,Conceder
5916,Negar
5918,Negar
5920,Negar
5926,Conceder
5927,Conceder
5942,Negar
5947,Conceder
5948,Negar
5950,Conceder
5952,Negar
5955,Conceder
5960,Negar
5963,Conceder
5967,Negar
5972,Conceder
5976,Negar
5977,Negar
5978,Negar
5979,Negar
5985,Negar
5987,Negar
5989,Conceder
5990,Conceder
5996,Negar
5998,Negar
6003,Negar
6008,Negar
6013,Negar
6016,Negar
6017,Conceder
6020,Negar
6025,Conceder
6029,Negar
6032,Conceder
6036,Conceder
6037,Negar
6039,Negar
6041,Conceder
6043,Conceder
6048,Negar
6050,Conceder
6053,Conceder
6060,Negar
6064,Conceder
6079,Negar
6083,Conceder
6090,Conceder
6091,Conceder
6098,Conceder
6100,Negar
6103,Negar
6116,Negar
6117,Conceder
6123,Conceder
6133,Conceder
6137,Negar
6141,Conceder
6143,Conceder
6145,Negar
6151,Conceder
6155,Negar
6165,Conceder
6167,Negar
6169,Conceder
6172,Conceder
6173,Conceder
6184,Negar
6185,Negar
6186,Negar
6191,Conceder
6198,Negar
6213,Negar
6229,Negar
6230,Negar
6231,Negar
6234,Negar
6236,Negar
6237,Conceder
6239,Negar
6242,Negar
6252,Negar
6255,Negar
6257,Conceder
6258,Negar
6263,Conceder
6266,Conceder
6268,Negar
6270,Negar
6273,Negar
6275,Conceder
6277,Negar
6279,Negar
6280,Negar
6284,Conceder
6285,Negar
6286,Conceder
6288,Negar
6289,Negar
6294,Negar
6295,Negar
6296,Negar
6300,Conceder
6304,Conceder
6305,Conceder
6306,Conceder
6314,Negar
6317,Negar
6321,Conceder
6328,Conceder
6332,Conceder
6343,Conceder
6345,Negar
6354,Negar
6355,Negar
6357,Negar
6360,Conceder
6363,Conceder
6369,Negar
6371,Conceder
6372,Negar
6375,Negar
6377,Conceder
6382,Negar
6397,Negar
6398,Conceder
6403,Conceder
6405,Negar
6407,Negar
6412,Negar
6414,Conceder
6417,Conceder
6421,Negar
6431,Conceder
6440,Negar
6442,Negar
6446,Negar
6447,Conceder
6451,Negar
6457,Negar
6458,Negar
6468,Conceder
6470,Negar
6472,Negar
6478,Negar
6485,Negar
6489,Conceder
6491,Negar
6494,Conceder
6507,Negar
6510,Negar
6512,Negar
6515,Conceder
6520,Negar
6526,Negar
6528,Negar
6529,Negar
6531,Conceder
6541,Negar
6542,Negar
6543,Negar
6545,Negar
6547,Negar
6549,Conceder
6550,Negar
6564,Conceder
6566,Conceder
6567,Conceder
6571,Conceder
6574,Negar
6580,Conceder
6586,Negar
6589,Negar
6601,Conceder
6603,Conceder
6610,Negar
6611,Negar
6613,Negar
6615,Negar
6617,Conceder
6618,Negar
6620,Conceder
6630,Conceder
6634,Negar
6636,Negar
6639,Negar
6641,Conceder
6644,Negar
6645,Negar
6646,Negar
6653,Negar
6656,Negar
6657,Negar
6660,Negar
6666,Negar
6668,Negar
6669,Negar
6675,Conceder
6676,Negar
6678,Negar
6695,Negar
6702,Conceder
6705,Conceder
6710,Negar
6711,Negar
6722,Conceder
6723,Conceder
6732,Negar
6733,Negar
6737,Negar
6738,Conceder
6739,Negar
6745,Conceder
6749,Conceder
6764,Negar
6765,Negar
6767,Conceder
6768,Conceder
6771,Negar
6777,Negar
6778,Conceder
6781,Conceder
6784,Negar
6788,Negar
6789,Conceder
6794,Negar
6800,Negar
6802,Conceder
6807,Negar
6808,Negar
6810,Conceder
6813,Conceder
6814,Negar
6817,Conceder
6820,Negar
6824,Negar
6834,Conceder
6842,Negar
6853,Conceder
6864,Negar
6869,Negar
6870,Conceder
6874,Conceder
6882,Negar
6883,Negar
6892,Negar
6893,Conceder
6894,Conceder
6895,Conceder
6896,Conceder
6899,Conceder
6901,Negar
6906,Negar
6908,Negar
6911,Conceder
6918,Negar
6925,Negar
6929,Conceder
6937,Negar
6938,Conceder
6939,Conceder
6942,Negar
6944,Negar
6945,Negar
6950,Conceder
6961,Negar
6967,Conceder
6971,Negar
6972,Negar
6980,Negar
6981,Negar
6982,Negar
6986,Negar
6987,Conceder
6989,Conceder
6997,Conceder
7000,Negar
7001,Negar
7003,Negar
7004,Negar
7005,Negar
7006,Conceder
7010,Conceder
7011,Negar
7015,Negar
7023,Conceder
7027,Negar
7028,Negar
7030,Negar
7032,Negar
7036,Negar
7042,Conceder
7044,Negar
7046,Negar
7053,Negar
7057,Negar
7058,Negar
7060,Negar
7063,Negar
7070,Negar
7080,Negar
7084,Negar
7089,Conceder
7097,Negar
7098,Conceder
7099,Negar
7100,Negar
7102,Negar
7103,Conceder
7113,Negar
7115,Conceder
7116,Conceder
7118,Negar
7120,Conceder
7122,Negar
7124,Negar
7125,Conceder
7126,Negar
7127,Conceder
7129,Conceder
7134,Negar
7138,Negar
7139,Conceder
7141,Negar
7142,Negar
7148,Conceder
7152,Negar
7155,Negar
7156,Negar
7159,Conceder
7165,Negar
7166,Negar
7168,Negar
7176,Negar
7178,Negar
7180,Negar
7184,Conceder
7185,Negar
7187,Negar
7191,Conceder
7193,Negar
7194,Negar
7197,Negar
7207,Negar
7209,Negar
7215,Negar
7216,Conceder
7219,Conceder
7222,Conceder
7228,Negar
7231,Negar
7233,Conceder
7240,Conceder
7241,Conceder
7242,Negar
7246,Negar
7254,Conceder
7265,Conceder
7267,Negar
7271,Negar
7275,Negar
7281,Negar
7286,Negar
7288,Negar
7292,Conceder
7295,Negar
7296,Conceder
7312,Conceder
7313,Negar
7315,Negar
7322,Negar
7327,Negar
7328,Negar
7330,Negar
7331,Negar
7340,Conceder
7341,Conceder
7344,Negar
7346,Negar
7351,Negar
7352,Conceder
7354,Conceder
7358,Conceder
7359,Negar
7369,Negar
7374,Negar
7375,Negar
7379,Conceder
7381,Negar
7386,Conceder
7391,Negar
7393,Conceder
7395,Negar
7398,Negar
7401,Negar
7405,Negar
7409,Negar
7410,Conceder
7419,Conceder
7420,Negar
7422,Negar
7425,Negar
7427,Negar
7438,Conceder
7447,Negar
7450,Conceder
7452,Negar
7456,Negar
7463,Negar
7474,Negar
7480,Conceder
7484,Negar
7487,Conceder
7490,Conceder
7491,Conceder
7492,Negar
7495,Negar
7505,Negar
7510,Negar
7512,Negar
7514,Negar
7520,Negar
7522,Negar
7527,Negar
7528,Conceder
7532,Negar
7544,Negar
7545,Conceder
7547,Negar
7549,Negar
7555,Conceder
7556,Conceder
7561,Negar
7562,Conceder
7565,Negar
7569,Negar
7570,Negar
7571,Conceder
7575,Conceder
7576,Conceder
7577,Conceder
7578,Conceder
7588,Negar
7596,Negar
7605,Negar
7618,Conceder
7623,Negar
7630,Negar
7639,Negar
7642,Negar
7644,Negar
7649,Conceder
7651,Conceder
7652,Conceder
7658,Negar
7668,Conceder
7669,Conceder
7674,Conceder
7675,Negar
7680,Conceder
7684,Conceder
7687,Conceder
7688,Conceder
7694,Conceder
7695,Conceder
7698,Negar
7706,Negar
7711,Negar
7715,Conceder
7716,Negar
7722,Negar
7724,Negar
7726,Conceder
7731,Negar
7735,Negar
7737,Conceder
7759,Negar
7762,Negar
7777,Negar
7778,Conceder
7784,Negar
7789,Conceder
7790,Negar
7791,Conceder
7805,Negar
7806,Negar
7807,Negar
7814,Negar
7828,Conceder
7831,Conceder
7833,Negar
7834,Negar
7843,Negar
7844,Negar
7849,Negar
7850,Negar
7858,Negar
7859,Negar
7861,Conceder
7864,Negar
7868,Negar
7870,Conceder
7871,Negar
7876,Negar
7879,Negar
7881,Conceder
7892,Negar
7893,Negar
7897,Negar
7899,Negar
7902,Negar
7903,Negar
7905,Negar
7907,Negar
7910,Negar
7917,Conceder
7928,Negar
7940,Conceder
7942,Negar
7944,Negar
7951,Conceder
7957,Negar
7962,Conceder
7968,Negar
7971,Conceder
7974,Negar
7980,Conceder
7981,Negar
7983,Conceder
7985,Negar
7988,Conceder
7990,Conceder
7993,Negar
7994,Negar
7995,Conceder
7997,Negar
8000,Conceder
8003,Conceder
8005,Negar
8007,Conceder
8008,Negar
8011,Negar
8018,Conceder
8033,Conceder
8034,Conceder
8039,Conceder
8042,Conceder
8045,Conceder
8051,Conceder
8054,Conceder
8057,Negar
8059,Conceder
8071,Conceder
8074,Conceder
8079,Negar
8081,Negar
8083,Negar
8088,Negar
8097,Negar
8101,Negar
8104,Conceder
8106,Negar
8111,Negar
8121,Negar
8124,Negar
8126,Negar
8131,Negar
8134,Negar
8136,Negar
8151,Conceder
8153,Negar
8155,Negar
8156,Conceder
8163,Conceder
8165,Conceder
8173,Negar
8174,Negar
8175,Conceder
8176,Conceder
8180,Conceder
8187,Conceder
8190,Negar
8191,Negar
8195,Conceder
8196,Conceder
8203,Conceder
8209,Conceder
8213,Negar
8214,Negar
8220,Conceder
8221,Negar
8227,Negar
8228,Conceder
8229,Negar
8231,Negar
8233,Conceder
8235,Negar
8239,Conceder
8246,Negar
8259,Negar
8260,Conceder
8265,Negar
8267,Negar
8287,Negar
8307,Negar
8309,Conceder
8312,Negar
8320,Conceder
8321,Negar
8322,Negar
8323,Conceder
8326,Negar
8330,Conceder
8336,Conceder
8339,Conceder
8341,Negar
8353,Conceder
8357,Conceder
8358,Conceder
8364,Negar
8379,Conceder
8382,Conceder
8390,Conceder
8393,Conceder
8394,Negar
8408,Conceder
8416,Negar
8428,Negar
8429,Conceder
8430,Negar
8434,Negar
8435,Negar
8436,Conceder
8437,Negar
8439,Conceder
8443,Negar
8446,Negar
8454,Negar
8462,Negar
8466,Negar
8468,Negar
8473,Conceder
8475,Conceder
8477,Negar
8478,Negar
8503,Conceder
8504,Conceder
8506,Conceder
8509,Negar
8513,Conceder
8520,Negar
8528,Negar
8530,Negar
8534,Negar
8536,Negar
8550,Negar
8552,Negar
8554,Conceder
8555,Negar
8556,Negar
8562,Negar
8563,Negar
8565,Negar
8568,Negar
8570,Conceder
8572,Negar
8578,Conceder
8581,Negar
8587,Negar
8591,Negar
8592,Conceder
8593,Conceder
8596,Conceder
8598,Conceder
8600,Conceder
8602,Conceder
8610,Negar
8617,Negar
8620,Negar
8624,Conceder
8633,Negar
8634,Conceder
8637,Negar
8647,Conceder
8648,Negar
8649,Negar
8653,Conceder
8657,Conceder
8660,Conceder
8663,Conceder
8667,Negar
8668,Conceder
8670,Negar
8677,Negar
8681,Negar
8685,Conceder
8692,Conceder
8703,Negar
8706,Negar
8707,Negar
8708,Conceder
8712,Conceder
8713,Negar
8715,Negar
8717,Negar
8718,Negar
8735,Conceder
8738,Negar
8739,Negar
8755,Negar
8756,Conceder
8767,Negar
8781,Conceder
8783,Negar
8784,Negar
8786,Negar
8788,Conceder
8790,Conceder
8793,Negar
8796,Conceder
8801,Negar
8802,Negar
8805,Conceder
8809,Negar
8816,Negar
8821,Negar
8832,Conceder
8838,Negar
8839,Negar
8842,Negar
8844,Conceder
8854,Negar
8866,Conceder
8868,Conceder
8885,Negar
8895,Negar
8896,Negar
8897,Negar
8902,Negar
8906,Conceder
8907,Negar
8908,Negar
8915,Conceder
8916,Conceder
8921,Conceder
8925,Negar
8928,Negar
8931,Negar
8933,Conceder
8942,Conceder
8943,Negar
8946,Negar
8947,Negar
8955,Conceder
8959,Negar
8965,Negar
8967,Negar
8968,Conceder
8981,Negar
8985,Negar
8988,Negar
8990,Negar
8997,Conceder
9006,Negar
9008,Negar
9012,Conceder
9014,Negar
9018,Negar
9019,Negar
9029,Conceder
9032,Negar
9033,Negar
9042,Negar
9043,Negar
9047,Negar
9048,Conceder
9063,Negar
9065,Conceder
9068,Conceder
9075,Negar
9077,Negar
9078,Negar
9079,Conceder
9087,Negar
9088,Conceder
9092,Negar
9093,Negar
9094,Conceder
9095,Negar
9099,Negar
9106,Negar
9107,Conceder
9109,Negar
9110,Negar
9111,Conceder
9112,Negar
9115,Negar
9123,Negar
9127,Conceder
9128,Negar
9131,Conceder
9132,Negar
9136,Conceder
9139,Negar
9147,Negar
9152,Negar
9154,Conceder
9155,Conceder
9156,Negar
9161,Conceder
9164,Conceder
9168,Negar
9173,Negar
9176,Negar
9178,Negar
9180,Negar
9182,Negar
9184,Negar
9185,Negar
9197,Conceder
9201,Conceder
9204,Negar
9205,Negar
9207,Conceder
9208,Negar
9209,Negar
9219,Negar
9224,Negar
9228,Negar
9236,Negar
9260,Conceder
9263,Conceder
9269,Conceder
9274,Negar
9275,Negar
9284,Negar
9300,Negar
9311,Negar
9313,Negar
9324,Conceder
9325,Negar
9326,Negar
9329,Negar
9332,Negar
9334,Negar
9336,Negar
9338,Negar
9340,Negar
9347,Conceder
9348,Negar
9349,Conceder
9353,Conceder
9359,Negar
9362,Conceder
9370,Negar
9375,Negar
9383,Conceder
9398,Negar
9399,Negar
9401,Negar
9410,Negar
9425,Negar
9434,Negar
9436,Negar
9438,Conceder
9440,Negar
9443,Conceder
9445,Conceder
9447,Conceder
9455,Conceder
9462,Negar
9466,Conceder
9468,Negar
9473,Negar
9475,Conceder
9477,Negar
9478,Negar
9493,Conceder
9497,Conceder
9500,Negar
9504,Negar
9505,Conceder
9507,Conceder
9509,Negar
9511,Conceder
9517,Negar
9519,Conceder
9520,Negar
9522,Conceder
9525,Conceder
9528,Negar
9529,Negar
9540,Negar
9541,Conceder
9548,Conceder
9551,Negar
9556,Negar
9557,Negar
9558,Negar
9561,Negar
9562,Negar
9577,Negar
9580,Conceder
9581,Conceder
9588,Negar
9589,Negar
9597,Negar
9601,Negar
9611,Negar
9615,Negar
9616,Conceder
9632,Conceder
9634,Conceder
9638,Conceder
9646,Conceder
9651,Conceder
9652,Conceder
9655,Conceder
9656,Negar
9663,Negar
9668,Negar
9671,Negar
9679,Conceder
9686,Conceder
9687,Negar
9688,Conceder
9693,Conceder
9701,Conceder
9709,Conceder
9711,Conceder
9716,Negar
9720,Conceder
9722,Conceder
9733,Conceder
9739,Negar
9740,Negar
9753,Negar
9760,Conceder
9761,Negar
9763,Conceder
9766,Negar
9767,Negar
9769,Negar
9770,Negar
9772,Conceder
9777,Negar
9778,Conceder
9789,Conceder
9790,Conceder
9794,Negar
9796,Negar
9802,Conceder
9806,Conceder
9817,Negar
9818,Negar
9824,Conceder
9828,Negar
9829,Conceder
9830,Conceder
9832,Negar
9833,Negar
9840,Negar
9848,Negar
9849,Conceder
9853,Conceder
9861,Negar
9865,Negar
9866,Negar
9867,Conceder
9873,Negar
9874,Conceder
9875,Negar
9876,Conceder
9880,Negar
9881,Conceder
9883,Conceder
9885,Negar
9889,Conceder
9901,Conceder
9904,Conceder
9906,Conceder
9908,Negar
9909,Conceder
9912,Conceder
9915,Conceder
9917,Negar
9918,Negar
9926,Negar
9946,Negar
9950,Negar
9951,Conceder
9957,Negar
9959,Negar
9960,Negar
9964,Conceder
9973,Conceder
9978,Conceder
9985,Negar
9987,Conceder
9990,Negar
9992,Conceder
9997,Negar
9999,Conceder
10002,Negar
10003,Negar
10012,Conceder
10016,Conceder
10017,Negar
10020,Negar
10027,Negar
10031,Conceder
10035,Negar
10036,Negar
10037,Negar
10038,Conceder
10041,Conceder
10042,Conceder
10047,Negar
10048,Negar
10049,Conceder
10050,Conceder
10056,Conceder
10060,Conceder
10061,Negar
10064,Conceder
10092,Conceder
10093,Conceder
10094,Negar
10107,Conceder
10109,Conceder
10113,Negar
10124,Conceder
10129,Conceder
10137,Negar
10140,Negar
10148,Conceder
10151,Conceder
10161,Conceder
10162,Conceder
10168,Negar
10170,Negar
10174,Negar
10175,Negar
10177,Negar
10178,Negar
10182,Conceder
10186,Negar
10189,Conceder
10198,Negar
10205,Conceder
10206,Negar
10210,Conceder
10211,Negar
10223,Negar
10225,Negar
10226,Negar
10228,Conceder
10231,Negar
10232,Negar
10233,Conceder
10234,Negar
10239,Negar
10245,Negar
10247,Conceder
10248,Negar
10249,Negar
10251,Negar
10253,Negar
10254,Negar
10258,Negar
10262,Negar
10263,Conceder
10268,Negar
10269,Negar
10273,Negar
10274,Negar
10275,Conceder
10277,Negar
10282,Conceder
10291,Negar
10301,Negar
10302,Negar
10303,Negar
10309,Conceder
10315,Negar
10321,Negar
10322,Conceder
10327,Conceder
10335,Negar
10338,Negar
10340,Negar
10343,Negar
10344,Negar
10345,Negar
10348,Negar
10349,Negar
10351,Conceder
10353,Conceder
10354,Negar
10355,Conceder
10358,Conceder
10362,Negar
10368,Negar
10381,Conceder
10396,Negar
10397,Negar
10405,Negar
10407,Negar
10410,Conceder
10412,Negar
10422,Conceder
10424,Conceder
10427,Conceder
10430,Negar
10433,Negar
10434,Negar
10446,Negar
10447,Negar
10454,Negar
10455,Negar
10458,Negar
10463,Conceder
10469,Negar
10471,Conceder
10479,Negar
10487,Negar
10489,Conceder
10491,Conceder
10493,Conceder
10505,Negar
10507,Negar
10508,Conceder
10515,Conceder
10517,Negar
10519,Conceder
10525,Conceder
10528,Negar
10536,Conceder
10542,Negar
10551,Negar
10555,Negar
10556,Negar
10558,Conceder
10569,Conceder
10571,Conceder
10575,Conceder
10578,Conceder
10579,Negar
10584,Conceder
10589,Conceder
10590,Negar
10594,Negar
10599,Negar
10612,Conceder
10616,Negar
10617,Negar
10624,Negar
10626,Conceder
10628,Negar
10633,Negar
10637,Negar
10640,Negar
10641,Negar
10642,Negar
10648,Negar
10654,Negar
10658,Conceder
10672,Negar
10673,Conceder
10675,Negar
10678,Conceder
10682,Negar
10683,Conceder
10686,Negar
10688,Negar
10698,Negar
10699,Conceder
10700,Conceder
10701,Conceder
10706,Conceder
10707,Conceder
10711,Negar
10713,Negar
10717,Negar
10723,Conceder
10726,Negar
10729,Negar
10730,Negar
10731,Negar
10739,Conceder
10742,Negar
10743,Conceder
10746,Negar
10749,Negar
10756,Negar
10758,Negar
10770,Negar
10775,Negar
10780,Negar
10782,Conceder
10786,Conceder
10788,Negar
10790,Conceder
10794,Negar
10801,Negar
10805,Conceder
10806,Negar
10808,Negar
10809,Conceder
10814,Conceder
10817,Negar
10818,Conceder
10819,Negar
10827,Conceder
10836,Negar
10842,Conceder
10846,Negar
10850,Conceder
10853,Conceder
10863,Conceder
10867,Conceder
10868,Negar
10882,Negar
10883,Conceder
10894,Conceder
10897,Negar
10902,Conceder
10907,Conceder
10910,Negar
10917,Conceder
10922,Negar
10923,Negar
10928,Negar
10944,Negar
10949,Conceder
10954,Conceder
10955,Negar
10958,Conceder
10959,Conceder
10966,Conceder
10967,Negar
10970,Conceder
10972,Conceder
10976,Negar
10983,Negar
10996,Conceder
10998,Conceder
10999,Conceder
11001,Negar
11002,Negar
11004,Conceder
11009,Negar
11013,Negar
11014,Conceder
11017,Conceder
11023,Negar
11024,Negar
11027,Negar
11037,Conceder
11042,Conceder
11045,Negar
11046,Conceder
11047,Conceder
11054,Conceder
11057,Negar
11063,Conceder
11066,Negar
11072,Negar
11077,Negar
11081,Negar
11089,Conceder
11094,Negar
11097,Negar
11105,Negar
11112,Conceder
11120,Negar
11121,Negar
11126,Negar
11128,Negar
11130,Negar
11131,Conceder
11140,Negar
11142,Conceder
11148,Negar
11149,Conceder
11151,Conceder
11152,Conceder
11154,Conceder
11158,Negar
11160,Conceder
11170,Conceder
11175,Conceder
11176,Conceder
11182,Conceder
11186,Negar
11187,Negar
11191,Negar
11192,Negar
11198,Negar
11207,Negar
11210,Negar
11212,Conceder
11214,Conceder
11217,Negar
11220,Conceder
11224,Negar
11225,Negar
11230,Conceder
11240,Negar
11241,Conceder
11242,Negar
11247,Conceder
11249,Conceder
11252,Negar
11253,Negar
11254,Conceder
11255,Negar
11260,Negar
11261,Negar
11262,Negar
11268,Conceder
11269,Negar
11272,Negar
11280,Negar
11285,Negar
11297,Negar
11298,Negar
11303,Conceder
11306,Conceder
11310,Negar
11311,Conceder
11313,Negar
11315,Negar
11318,Negar
11320,Conceder
11321,Negar
11325,Negar
11329,Negar
11331,Negar
11333,Negar
11336,Negar
11339,Negar
11345,Conceder
11352,Negar
11358,Negar
11363,Negar
11364,Negar
11366,Negar
11368,Conceder
11376,Negar
11382,Conceder
11384,Conceder
11385,Negar
11389,Conceder
11395,Conceder
11396,Negar
11405,Negar
11409,Negar
11412,Negar
11415,Conceder
11420,Conceder
11427,Conceder
11428,Conceder
11429,Negar
11435,Negar
11443,Negar
11444,Negar
11448,Conceder
11453,Negar
11454,Negar
11459,Conceder
11465,Conceder
11470,Conceder
11471,Negar
11473,Negar
11476,Conceder
11477,Negar
11480,Negar
11483,Negar
11487,Negar
11489,Conceder
11494,Conceder
11495,Negar
11502,Negar
11507,Negar
11508,Conceder
11517,Negar
11519,Negar
11521,Negar
11524,Negar
11526,Conceder
11528,Conceder
11531,Conceder
11535,Conceder
11536,Negar
11541,Negar
11545,Negar
11549,Negar
11556,Negar
11560,Negar
11562,Negar
11570,Conceder
11571,Negar
11575,Negar
11577,Negar
11583,Conceder
11589,Conceder
11590,Negar
11593,Conceder
11600,Negar
11610,Negar
11620,Negar
11621,Conceder
11622,Conceder
11623,Negar
11626,Negar
11627,Negar
11628,Negar
11630,Conceder
11633,Negar
11635,Conceder
11637,Conceder
11638,Negar
11650,Negar
11652,Conceder
11653,Conceder
11654,Conceder
11655,Conceder
11656,Negar
11657,Negar
11658,Conceder
11662,Negar
11663,Conceder
11664,Negar
11667,Negar
11673,Conceder
11682,Negar
11684,Conceder
11685,Negar
11691,Conceder
11694,Negar
11697,Conceder
11698,Conceder
11702,Conceder
11705,Negar
11715,Negar
11719,Conceder
11720,Conceder
11728,Negar
11729,Conceder
11730,Conceder
11737,Conceder
11739,Negar
11741,Negar
11752,Negar
11753,Negar
11755,Negar
11763,Negar
11765,Negar
11770,Negar
11771,Conceder
11772,Conceder
11775,Negar
11776,Conceder
11777,Negar
11778,Negar
11780,Negar
11785,Conceder
11788,Negar
11791,Conceder
11796,Conceder
11798,Negar
11806,Negar
11808,Conceder
11814,Negar
11815,Conceder
11818,Conceder
11819,Negar
11825,Negar
11828,Negar
11831,Negar
11835,Negar
11836,Conceder
11838,Conceder
11848,Negar
11852,Negar
11854,Conceder
11857,Negar
11858,Conceder
11868,Conceder
11874,Conceder
11877,Conceder
11879,Negar
11890,Conceder
11894,Negar
11898,Negar
11905,Negar
11914,Negar
11916,Conceder
11923,Negar
11929,Negar
11930,Conceder
11931,Conceder
11932,Negar
11936,Negar
11938,Negar
11939,Conceder
11943,Negar
11946,Conceder
11948,Negar
11952,Negar
11953,Negar
11956,Negar
11962,Conceder
11965,Conceder
11967,Conceder
11970,Negar
11974,Negar
11979,Conceder
11984,Conceder
11985,Negar
11990,Conceder
11991,Conceder
11994,Negar
12003,Negar
12020,Conceder
12032,Negar
12034,Conceder
12035,Conceder
12040,Conceder
12041,Negar
12042,Conceder
12045,Negar
12052,Conceder
12055,Conceder
12058,Conceder
12066,Negar
12069,Negar
12070,Negar
12071,Conceder
12074,Negar
12077,Negar
12078,Negar
12083,Negar
12085,Negar
12089,Negar
12093,Conceder
12095,Conceder
12100,Conceder
12116,Negar
12121,Conceder
12130,Conceder
12133,Conceder
12146,Conceder
12148,Negar
12150,Conceder
12155,Negar
12156,Conceder
12158,Negar
12161,Conceder
12167,Negar
12169,Negar
12171,Negar
12181,Negar
12184,Negar
12186,Negar
12188,Conceder
12192,Conceder
12194,Conceder
12197,Conceder
12198,Conceder
12199,Negar
12200,Conceder
12207,Conceder
12209,Negar
12217,Negar
12221,Conceder
12222,Negar
12227,Negar
12231,Negar
12234,Conceder
12238,Negar
12245,Negar
12246,Conceder
12247,Negar
12253,Negar
12254,Conceder
12264,Negar
12268,Negar
12269,Negar
12275,Negar
12277,Negar
12289,Negar
12297,Conceder
12302,Conceder
12308,Conceder
12310,Negar
12312,Conceder
12313,Negar
12314,Negar
12317,Conceder
12320,Conceder
12327,Negar
12337,Negar
12339,Conceder
12349,Conceder
12353,Negar
12355,Negar
12363,Conceder
12367,Conceder
12369,Conceder
12377,Negar
12386,Negar
12394,Negar
12410,Negar
12411,Negar
12414,Conceder
12416,Negar
12417,Negar
12419,Conceder
12429,Negar
12433,Conceder
12436,Conceder
12437,Negar
12439,Negar
12440,Conceder
12444,Negar
12445,Negar
12455,Conceder
12462,Negar
12470,Negar
12471,Negar
12474,Conceder
12476,Negar
12477,Conceder
12478,Negar
12479,Conceder
12481,Negar
12482,Negar
12484,Negar
12487,Negar
12489,Conceder
12495,Conceder
12498,Conceder
